record_id,device_status,serial_number,building,deviceid,import_number,studentid,base_warranty_description,base_warranty_sku,base_warranty_start_date,base_warranty_end_date,advanced_warranty_description,advanced_warranty_sku,advanced_warranty_start_date,advanced_warranty_end_date,asset_tag,student,loaner_status,created_date,last_modified_by,created_by,account,device
592005,Active,VIVATEST85Test,,9355,,,One-Year Manufacturer Limited Warranty,1YRLTDWAR,,,,,,,,,Not In Loaner Pool,,,,1,Dell Chromebook 11 3100 - Intel/4GB/32GB - Non-Touch - New
591969,Active,VIVATEST49Test,,9355,,,One-Year Manufacturer Limited Warranty,1YRLTDWAR,,,,,,,,,Not In Loaner Pool,,,,1,Dell Chromebook 11 3100 - Intel/4GB/32GB - Non-Touch - New
591950,Active,VIVATEST32Test,,9355,,,One-Year Manufacturer Limited Warranty,1YRLTDWAR,,,,,,,,,Not In Loaner Pool,,,,1,Dell Chromebook 11 3100 - Intel/4GB/32GB - Non-Touch - New
591979,Active,VIVATEST58Test,,9355,,,One-Year Manufacturer Limited Warranty,1YRLTDWAR,,,,,,,,,Not In Loaner Pool,,,,1,Dell Chromebook 11 3100 - Intel/4GB/32GB - Non-Touch - New
591997,Active,VIVATEST78Test,,9355,,,One-Year Manufacturer Limited Warranty,1YRLTDWAR,,,,,,,,,Not In Loaner Pool,,,,1,Dell Chromebook 11 3100 - Intel/4GB/32GB - Non-Touch - New
591941,Active,VIVATEST1Test,,9355,,,One-Year Manufacturer Limited Warranty,1YRLTDWAR,,,,,,,,,Not In Loaner Pool,,,,1,Dell Chromebook 11 3100 - Intel/4GB/32GB - Non-Touch - New
591910,Active,AAAAATest,,9355,,43,,,,,,,,,673TY,Md Raja,Checked Out,,,,1,Dell Chromebook 11 3100 - Intel/4GB/32GB - Non-Touch - New
592006,Active,VIVATEST86Test,,9355,,43,One-Year Manufacturer Limited Warranty,1YRLTDWAR,,,,,,,,Md Raja,Checked Out,,,,1,Dell Chromebook 11 3100 - Intel/4GB/32GB - Non-Touch - New
591916,Active,1244Test,,3,,,,,,,,,,,132,,In Loaner Pool,,,,1,2uj+Z2J9&N
591926,Active,VIVATEST13Test,,9355,,,One-Year Manufacturer Limited Warranty,1YRLTDWAR,,,,,,,,,Not In Loaner Pool,,,,1,Dell Chromebook 11 3100 - Intel/4GB/32GB - Non-Touch - New
591917,Active,asdfghjkTest,,,,,,,,,,,,,assasd,,In Loaner Pool,,,,1,
591862,Active,1CD1000002Test,Proterworth,1,1,35,This is warranty description edited,aabbb,,,This is warranty description edited,aabbb,,,673TY,Lyanna Mormont,Checked Out,,1,1,1,Lenovo Thinkpad
591853,Active,Test123Test,,1,,,One-Year Manufacturer Limited Warranty,1YRLTDWAR,,,,,,,t233,,Not In Loaner Pool,,,,1,Lenovo Thinkpad
591865,Active,1CD1000005Test,Vivacity Middle School,9340,,,One-Year Manufacturer Limited Warranty,1YRLTDWAR,Mon Aug 31 2020 05:30:00 GMT+0530 (India Standard Time),Tue Aug 31 2021 05:30:00 GMT+0530 (India Standard Time),<p><span style="font-family: Roboto, RobotoDraft, Helvetica, Arial, sans-serif; font-size: 13px; white-space: pre-wrap;">Two year extended warranty covers hardware failures</span></p>
<p><span style="font-family: Roboto, RobotoDraft, Helvetica, Arial, sans-serif; font-size: 13px; white-space: pre-wrap;">Battery covered for one year only</span></p>
<p><span style="font-family: Roboto, RobotoDraft, Helvetica, Arial, sans-serif; font-size: 13px; white-space: pre-wrap;">Individual user accidental damage to the device will be covered</span></p>
<p><span style="font-family: Roboto, RobotoDraft, Helvetica, Arial, sans-serif; font-size: 13px; white-space: pre-wrap;">Intentional damage, theft and mass-failure related to AoG events/disasters are not covered</span></p>
<p><span style="font-family: Roboto, RobotoDraft, Helvetica, Arial, sans-serif; font-size: 13px; white-space: pre-wrap;">Free shipping will be provided both to and from the repair depot</span></p>
<p><span style="font-family: Roboto, RobotoDraft, Helvetica, Arial, sans-serif; font-size: 13px; white-space: pre-wrap;">Limitation of coverage per device is up to device resale value</span></p>
<p><span style="font-family: Roboto, RobotoDraft, Helvetica, Arial, sans-serif; font-size: 13px; white-space: pre-wrap;">Dedicated Account Manager to ensure your repair needs are fully covered</span></p>
<p><span style="font-family: Roboto, RobotoDraft, Helvetica, Arial, sans-serif; font-size: 13px; white-space: pre-wrap;">Customer Central Repair Portal included to seamlessly track and request repairs</span></p>
<p><span style="font-family: Roboto, RobotoDraft, Helvetica, Arial, sans-serif; font-size: 13px; white-space: pre-wrap;">Device must either have a protective shell installed, or kept in a locking cart on the school district premises</span></p>
<p><span style="font-family: Roboto, RobotoDraft, Helvetica, Arial, sans-serif; font-size: 13px; white-space: pre-wrap;">Self-Maintainer Option - Warranty allows for the ability for the district to be a self-maintainer; </span><span style="font-family: Roboto, RobotoDraft, Helvetica, Arial, sans-serif; font-size: 13px; white-space: pre-wrap;">i.e., repair devices themselves, or have the warranty provider service the device. In the event the </span><span style="font-family: Roboto, RobotoDraft, Helvetica, Arial, sans-serif; font-size: 13px; white-space: pre-wrap;">district chooses to service the device, vendor will provide parts as-needed to the district at no additional </span><span style="font-family: Roboto, RobotoDraft, Helvetica, Arial, sans-serif; font-size: 13px; white-space: pre-wrap;">cost. </span></p>
<p><span style="font-family: Roboto, RobotoDraft, Helvetica, Arial, sans-serif; font-size: 13px; white-space: pre-wrap;">Shipping of the replacement part and return shipping of the defective part will be paid for by the </span><span style="font-family: Roboto, RobotoDraft, Helvetica, Arial, sans-serif; font-size: 13px; white-space: pre-wrap;">vendor. In the event the district opts to service the device, the vendor will provide servicing-time </span><span style="font-family: Roboto, RobotoDraft, Helvetica, Arial, sans-serif; font-size: 13px; white-space: pre-wrap;">reimbursement in the form of either; A) in-house credit with the vendor or B) payment to the school </span><span style="font-family: Roboto, RobotoDraft, Helvetica, Arial, sans-serif; font-size: 13px; white-space: pre-wrap;">district; district's choice. Reimbursement or credit is in the amount of $15 per repair. </span></p>
<p><span style="font-family: Roboto, RobotoDraft, Helvetica, Arial, sans-serif; font-size: 13px; white-space: pre-wrap;">Mechanical failures in the first year of the warranty do not qualify for the self-maintainer reimbursement, however all other terms apply.</span></p>,VT2YRADP,Mon Aug 31 2020 05:30:00 GMT+0530 (India Standard Time),Wed Aug 31 2022 05:30:00 GMT+0530 (India Standard Time),18765,,,,,,1,Vivacity Tech Demo Chromebook - Intel/4GB/16GB - Non-Touch - New
591871,Active,1100901Test,,,,,,,,,,,,,12333,,Not In Loaner Pool,,,,1,
3753292,Active,VIVATEST201Test,,,,,This is warranty description edited,aabbb,,,,,,,,,In Loaner Pool,,,,1,
3753294,Active,VIVATEST202Test1,,,,43,This is warranty description edited,aabbb,,,,,,,,Md Raja,Checked Out,,,,1,
3753293,Active,VIVATEST202Test,,,,,This is warranty description edited,aabbb,,,,,,,,,In Loaner Pool,,,,1,
3753467,Active,1111,,,,1,,,,,,,,,VIVATEST19Test,Jeremiah Beareguard,Checked Out,,,,1,
27,Active,P206XP41Test,Proterworth,9340,1,,,,,,,,,,673TY,,Not In Loaner Pool,,1,1,1,Vivacity Tech Demo Chromebook - Intel/4GB/16GB - Non-Touch - New
591870,Active,1CD1000010Test,Vivacity Middle School,9340,,,,,Sun Aug 30 2020 02:00:00 GMT+0530 (India Standard Time),Mon Aug 30 2021 02:00:00 GMT+0530 (India Standard Time),,,Sun Aug 30 2020 02:00:00 GMT+0530 (India Standard Time),Tue Aug 30 2022 02:00:00 GMT+0530 (India Standard Time),12341,,In Loaner Pool,,,,1,Vivacity Tech Demo Chromebook - Intel/4GB/16GB - Non-Touch - New
591936,Active,VIVATEST20Test,,,,,One-Year Manufacturer Limited Warranty,1YRLTDWAR,,,,,,,,,In Loaner Pool,,,,1,
592000,Active,VIVATEST80Test,,,,,One-Year Manufacturer Limited Warranty,1YRLTDWAR,,,,,,,,,In Loaner Pool,,,,1,
3716164,Active,12345619,,,,,,,,,,,,,12345619,,In Loaner Pool,,,,1,
592002,Active,VIVATEST82Test,,,,,One-Year Manufacturer Limited Warranty,1YRLTDWAR,,,,,,,,,In Loaner Pool,,,,1,
448157,Active,5CD83049TGTest,Steck ES,9116,1,,One-Year Manufacturer Limited Warranty,1YRLTDWAR,Mon Jul 02 2018 00:00:00 GMT+0530 (India Standard Time),Mon Jul 01 2019 00:00:00 GMT+0530 (India Standard Time),,,,,4813932,,In Loaner Pool,,,,1,HP Chromebook 11 G6 EE - Intel/4GB/16GB - Touch - New
591924,Active,VIVATEST11Test,,,,,<p><span style="font-family: Roboto, RobotoDraft, Helvetica, Arial, sans-serif; font-size: 13px; white-space: pre-wrap;">Three-Year Manufacturer Limited Warranty</span></p>,3YRLTDWAR,,,,,,,3312,,In Loaner Pool,,,,1,
3718231,Active,VIVATEST138Test,,,,41,This is warranty description edited,aabbb,,,,,,,y9E0|4("4],test student,Checked Out,,,,1,
3718240,Active,VIVATEST146Test,,,,41,This is warranty description edited,aabbb,,,,,,,Q-ej(qtc>w,test student,Checked Out,,,,1,
3753287,Active,VIVATEST196Test,,,,41,This is warranty description edited,aabbb,,,,,,,,test student,Checked Out,,,,1,
591866,Active,1CD1000006Test,Vivacity Middle School,9340,,,One-Year Manufacturer Limited Warranty,1YRLTDWAR,Mon Aug 31 2020 05:30:00 GMT+0530 (India Standard Time),Tue Aug 31 2021 05:30:00 GMT+0530 (India Standard Time),<p><span style="font-family: Roboto, RobotoDraft, Helvetica, Arial, sans-serif; font-size: 13px; white-space: pre-wrap;">Two year extended warranty covers hardware failures</span></p>
<p><span style="font-family: Roboto, RobotoDraft, Helvetica, Arial, sans-serif; font-size: 13px; white-space: pre-wrap;">Battery covered for one year only</span></p>
<p><span style="font-family: Roboto, RobotoDraft, Helvetica, Arial, sans-serif; font-size: 13px; white-space: pre-wrap;">Individual user accidental damage to the device will be covered</span></p>
<p><span style="font-family: Roboto, RobotoDraft, Helvetica, Arial, sans-serif; font-size: 13px; white-space: pre-wrap;">Intentional damage, theft and mass-failure related to AoG events/disasters are not covered</span></p>
<p><span style="font-family: Roboto, RobotoDraft, Helvetica, Arial, sans-serif; font-size: 13px; white-space: pre-wrap;">Free shipping will be provided both to and from the repair depot</span></p>
<p><span style="font-family: Roboto, RobotoDraft, Helvetica, Arial, sans-serif; font-size: 13px; white-space: pre-wrap;">Limitation of coverage per device is up to device resale value</span></p>
<p><span style="font-family: Roboto, RobotoDraft, Helvetica, Arial, sans-serif; font-size: 13px; white-space: pre-wrap;">Dedicated Account Manager to ensure your repair needs are fully covered</span></p>
<p><span style="font-family: Roboto, RobotoDraft, Helvetica, Arial, sans-serif; font-size: 13px; white-space: pre-wrap;">Customer Central Repair Portal included to seamlessly track and request repairs</span></p>
<p><span style="font-family: Roboto, RobotoDraft, Helvetica, Arial, sans-serif; font-size: 13px; white-space: pre-wrap;">Device must either have a protective shell installed, or kept in a locking cart on the school district premises</span></p>
<p><span style="font-family: Roboto, RobotoDraft, Helvetica, Arial, sans-serif; font-size: 13px; white-space: pre-wrap;">Self-Maintainer Option - Warranty allows for the ability for the district to be a self-maintainer; </span><span style="font-family: Roboto, RobotoDraft, Helvetica, Arial, sans-serif; font-size: 13px; white-space: pre-wrap;">i.e., repair devices themselves, or have the warranty provider service the device. In the event the </span><span style="font-family: Roboto, RobotoDraft, Helvetica, Arial, sans-serif; font-size: 13px; white-space: pre-wrap;">district chooses to service the device, vendor will provide parts as-needed to the district at no additional </span><span style="font-family: Roboto, RobotoDraft, Helvetica, Arial, sans-serif; font-size: 13px; white-space: pre-wrap;">cost. </span></p>
<p><span style="font-family: Roboto, RobotoDraft, Helvetica, Arial, sans-serif; font-size: 13px; white-space: pre-wrap;">Shipping of the replacement part and return shipping of the defective part will be paid for by the </span><span style="font-family: Roboto, RobotoDraft, Helvetica, Arial, sans-serif; font-size: 13px; white-space: pre-wrap;">vendor. In the event the district opts to service the device, the vendor will provide servicing-time </span><span style="font-family: Roboto, RobotoDraft, Helvetica, Arial, sans-serif; font-size: 13px; white-space: pre-wrap;">reimbursement in the form of either; A) in-house credit with the vendor or B) payment to the school </span><span style="font-family: Roboto, RobotoDraft, Helvetica, Arial, sans-serif; font-size: 13px; white-space: pre-wrap;">district; district's choice. Reimbursement or credit is in the amount of $15 per repair. </span></p>
<p><span style="font-family: Roboto, RobotoDraft, Helvetica, Arial, sans-serif; font-size: 13px; white-space: pre-wrap;">Mechanical failures in the first year of the warranty do not qualify for the self-maintainer reimbursement, however all other terms apply.</span></p>,VT2YRADP,Mon Aug 31 2020 05:30:00 GMT+0530 (India Standard Time),Wed Aug 31 2022 05:30:00 GMT+0530 (India Standard Time),12399,,,,,,1,Vivacity Tech Demo Chromebook - Intel/4GB/16GB - Non-Touch - New
28,Active,P206XP14Test,Proterworth,9850,1,54,,,,,,,,,673TY,sohanstudent,Checked Out,,1,1,1,Lenovo ThinkPad C14 Gen 1 Chromebook - Intel/8GB/256GB - Non-Touch - New
3718256,Active,VIVATEST162Test,,,,,This is warranty description edited,aabbb,,,,,,,.vs2@qkx%E,,In Loaner Pool,,,,1,
3718268,Active,VIVATEST173Test,,,,,This is warranty description edited,aabbb,,,,,,,1\VX2b+r'F,,Not In Loaner Pool,,,,1,
591873,Active,1100903Test,Vivacity Middle School,9340,,,,,Tue Jan 14 2020 18:30:00 GMT+0530 (India Standard Time),Thu Jan 14 2021 18:30:00 GMT+0530 (India Standard Time),,,,,12312,,Not In Loaner Pool,,,,1,Vivacity Tech Demo Chromebook - Intel/4GB/16GB - Non-Touch - New
591874,Active,1100904Test,Vivacity Middle School,9850,,,One-Year Manufacturer Limited Warranty,1YRLTDWAR,Wed Jan 15 2020 05:30:00 GMT+0530 (India Standard Time),Fri Jan 15 2021 05:30:00 GMT+0530 (India Standard Time),,,,,12334,,,,,,1,Lenovo ThinkPad C14 Gen 1 Chromebook - Intel/8GB/256GB - Non-Touch - New
591878,Active,1100908Test,Vivacity Middle School,9340,,,One-Year Manufacturer Limited Warranty,1YRLTDWAR,Wed Jan 15 2020 05:30:00 GMT+0530 (India Standard Time),Fri Jan 15 2021 05:30:00 GMT+0530 (India Standard Time),,,,,12349,,,,,,1,Vivacity Tech Demo Chromebook - Intel/4GB/16GB - Non-Touch - New
591877,Active,1100907Test,Vivacity Middle School,9340,,,One-Year Manufacturer Limited Warranty,1YRLTDWAR,Wed Jan 15 2020 05:30:00 GMT+0530 (India Standard Time),Fri Jan 15 2021 05:30:00 GMT+0530 (India Standard Time),,,,,12365,,,,,,1,Vivacity Tech Demo Chromebook - Intel/4GB/16GB - Non-Touch - New
591875,Active,1100905Test,Vivacity Middle School,9340,,,One-Year Manufacturer Limited Warranty,1YRLTDWAR,Wed Jan 15 2020 05:30:00 GMT+0530 (India Standard Time),Fri Jan 15 2021 05:30:00 GMT+0530 (India Standard Time),,,,,12477,,,,,,1,Vivacity Tech Demo Chromebook - Intel/4GB/16GB - Non-Touch - New
591869,Active,1CD1000009Test,Vivacity Middle School,9340,,,One-Year Manufacturer Limited Warranty,1YRLTDWAR,Mon Aug 31 2020 05:30:00 GMT+0530 (India Standard Time),Tue Aug 31 2021 05:30:00 GMT+0530 (India Standard Time),<p><span style="font-family: Roboto, RobotoDraft, Helvetica, Arial, sans-serif; font-size: 13px; white-space: pre-wrap;">Two year extended warranty covers hardware failures</span></p>
<p><span style="font-family: Roboto, RobotoDraft, Helvetica, Arial, sans-serif; font-size: 13px; white-space: pre-wrap;">Battery covered for one year only</span></p>
<p><span style="font-family: Roboto, RobotoDraft, Helvetica, Arial, sans-serif; font-size: 13px; white-space: pre-wrap;">Individual user accidental damage to the device will be covered</span></p>
<p><span style="font-family: Roboto, RobotoDraft, Helvetica, Arial, sans-serif; font-size: 13px; white-space: pre-wrap;">Intentional damage, theft and mass-failure related to AoG events/disasters are not covered</span></p>
<p><span style="font-family: Roboto, RobotoDraft, Helvetica, Arial, sans-serif; font-size: 13px; white-space: pre-wrap;">Free shipping will be provided both to and from the repair depot</span></p>
<p><span style="font-family: Roboto, RobotoDraft, Helvetica, Arial, sans-serif; font-size: 13px; white-space: pre-wrap;">Limitation of coverage per device is up to device resale value</span></p>
<p><span style="font-family: Roboto, RobotoDraft, Helvetica, Arial, sans-serif; font-size: 13px; white-space: pre-wrap;">Dedicated Account Manager to ensure your repair needs are fully covered</span></p>
<p><span style="font-family: Roboto, RobotoDraft, Helvetica, Arial, sans-serif; font-size: 13px; white-space: pre-wrap;">Customer Central Repair Portal included to seamlessly track and request repairs</span></p>
<p><span style="font-family: Roboto, RobotoDraft, Helvetica, Arial, sans-serif; font-size: 13px; white-space: pre-wrap;">Device must either have a protective shell installed, or kept in a locking cart on the school district premises</span></p>
<p><span style="font-family: Roboto, RobotoDraft, Helvetica, Arial, sans-serif; font-size: 13px; white-space: pre-wrap;">Self-Maintainer Option - Warranty allows for the ability for the district to be a self-maintainer; </span><span style="font-family: Roboto, RobotoDraft, Helvetica, Arial, sans-serif; font-size: 13px; white-space: pre-wrap;">i.e., repair devices themselves, or have the warranty provider service the device. In the event the </span><span style="font-family: Roboto, RobotoDraft, Helvetica, Arial, sans-serif; font-size: 13px; white-space: pre-wrap;">district chooses to service the device, vendor will provide parts as-needed to the district at no additional </span><span style="font-family: Roboto, RobotoDraft, Helvetica, Arial, sans-serif; font-size: 13px; white-space: pre-wrap;">cost. </span></p>
<p><span style="font-family: Roboto, RobotoDraft, Helvetica, Arial, sans-serif; font-size: 13px; white-space: pre-wrap;">Shipping of the replacement part and return shipping of the defective part will be paid for by the </span><span style="font-family: Roboto, RobotoDraft, Helvetica, Arial, sans-serif; font-size: 13px; white-space: pre-wrap;">vendor. In the event the district opts to service the device, the vendor will provide servicing-time </span><span style="font-family: Roboto, RobotoDraft, Helvetica, Arial, sans-serif; font-size: 13px; white-space: pre-wrap;">reimbursement in the form of either; A) in-house credit with the vendor or B) payment to the school </span><span style="font-family: Roboto, RobotoDraft, Helvetica, Arial, sans-serif; font-size: 13px; white-space: pre-wrap;">district; district's choice. Reimbursement or credit is in the amount of $15 per repair. </span></p>
<p><span style="font-family: Roboto, RobotoDraft, Helvetica, Arial, sans-serif; font-size: 13px; white-space: pre-wrap;">Mechanical failures in the first year of the warranty do not qualify for the self-maintainer reimbursement, however all other terms apply.</span></p>,VT2YRADP,Mon Aug 31 2020 05:30:00 GMT+0530 (India Standard Time),Wed Aug 31 2022 05:30:00 GMT+0530 (India Standard Time),12343,,,,,,1,Vivacity Tech Demo Chromebook - Intel/4GB/16GB - Non-Touch - New
591868,Active,1CD1000008Test,Vivacity Middle School,9340,,,One-Year Manufacturer Limited Warranty,1YRLTDWAR,Mon Aug 31 2020 05:30:00 GMT+0530 (India Standard Time),Tue Aug 31 2021 05:30:00 GMT+0530 (India Standard Time),<p><span style="font-family: Roboto, RobotoDraft, Helvetica, Arial, sans-serif; font-size: 13px; white-space: pre-wrap;">Two year extended warranty covers hardware failures</span></p>
<p><span style="font-family: Roboto, RobotoDraft, Helvetica, Arial, sans-serif; font-size: 13px; white-space: pre-wrap;">Battery covered for one year only</span></p>
<p><span style="font-family: Roboto, RobotoDraft, Helvetica, Arial, sans-serif; font-size: 13px; white-space: pre-wrap;">Individual user accidental damage to the device will be covered</span></p>
<p><span style="font-family: Roboto, RobotoDraft, Helvetica, Arial, sans-serif; font-size: 13px; white-space: pre-wrap;">Intentional damage, theft and mass-failure related to AoG events/disasters are not covered</span></p>
<p><span style="font-family: Roboto, RobotoDraft, Helvetica, Arial, sans-serif; font-size: 13px; white-space: pre-wrap;">Free shipping will be provided both to and from the repair depot</span></p>
<p><span style="font-family: Roboto, RobotoDraft, Helvetica, Arial, sans-serif; font-size: 13px; white-space: pre-wrap;">Limitation of coverage per device is up to device resale value</span></p>
<p><span style="font-family: Roboto, RobotoDraft, Helvetica, Arial, sans-serif; font-size: 13px; white-space: pre-wrap;">Dedicated Account Manager to ensure your repair needs are fully covered</span></p>
<p><span style="font-family: Roboto, RobotoDraft, Helvetica, Arial, sans-serif; font-size: 13px; white-space: pre-wrap;">Customer Central Repair Portal included to seamlessly track and request repairs</span></p>
<p><span style="font-family: Roboto, RobotoDraft, Helvetica, Arial, sans-serif; font-size: 13px; white-space: pre-wrap;">Device must either have a protective shell installed, or kept in a locking cart on the school district premises</span></p>
<p><span style="font-family: Roboto, RobotoDraft, Helvetica, Arial, sans-serif; font-size: 13px; white-space: pre-wrap;">Self-Maintainer Option - Warranty allows for the ability for the district to be a self-maintainer; </span><span style="font-family: Roboto, RobotoDraft, Helvetica, Arial, sans-serif; font-size: 13px; white-space: pre-wrap;">i.e., repair devices themselves, or have the warranty provider service the device. In the event the </span><span style="font-family: Roboto, RobotoDraft, Helvetica, Arial, sans-serif; font-size: 13px; white-space: pre-wrap;">district chooses to service the device, vendor will provide parts as-needed to the district at no additional </span><span style="font-family: Roboto, RobotoDraft, Helvetica, Arial, sans-serif; font-size: 13px; white-space: pre-wrap;">cost. </span></p>
<p><span style="font-family: Roboto, RobotoDraft, Helvetica, Arial, sans-serif; font-size: 13px; white-space: pre-wrap;">Shipping of the replacement part and return shipping of the defective part will be paid for by the </span><span style="font-family: Roboto, RobotoDraft, Helvetica, Arial, sans-serif; font-size: 13px; white-space: pre-wrap;">vendor. In the event the district opts to service the device, the vendor will provide servicing-time </span><span style="font-family: Roboto, RobotoDraft, Helvetica, Arial, sans-serif; font-size: 13px; white-space: pre-wrap;">reimbursement in the form of either; A) in-house credit with the vendor or B) payment to the school </span><span style="font-family: Roboto, RobotoDraft, Helvetica, Arial, sans-serif; font-size: 13px; white-space: pre-wrap;">district; district's choice. Reimbursement or credit is in the amount of $15 per repair. </span></p>
<p><span style="font-family: Roboto, RobotoDraft, Helvetica, Arial, sans-serif; font-size: 13px; white-space: pre-wrap;">Mechanical failures in the first year of the warranty do not qualify for the self-maintainer reimbursement, however all other terms apply.</span></p>,VT2YRADP,Mon Aug 31 2020 05:30:00 GMT+0530 (India Standard Time),Wed Aug 31 2022 05:30:00 GMT+0530 (India Standard Time),12354,,,,,,1,Vivacity Tech Demo Chromebook - Intel/4GB/16GB - Non-Touch - New
3755137,Active,SerialTest123,,9425,,45,,,,,,,,,34,KRISHANA,Not In Loaner Pool,Sun Nov 05 2023 22:41:16 GMT+0530 (India Standard Time),,,1,HP Chromebook 11 G6 EE - Intel/8GB/64GB - Touch - New
591964,Active,VIVATEST44Test,Demo Building,,,,,,,,,,,,,,In Loaner Pool,Thu Nov 02 2023 06:27:59 GMT+0530 (India Standard Time),1124,,1,
591879,Active,1100909Test,VT Test Repair,,,,,,,,,,,,12376,,In Loaner Pool,Thu Nov 02 2023 06:26:42 GMT+0530 (India Standard Time),1124,,1,
591896,Active,856324gzTest,VT Test Repair,,,44,,,,,,,,,test123,New Test user,In Loaner Pool,Thu Nov 02 2023 06:25:45 GMT+0530 (India Standard Time),1124,,1,
3753472,Active,123456789,,9340,,41,,,,,,,,,84236825,test student,Not In Loaner Pool,Wed Nov 01 2023 02:39:22 GMT+0530 (India Standard Time),,,1,Vivacity Tech Demo Chromebook - Intel/4GB/16GB - Non-Touch - New
3753470,Active,ABC!2321233,,9869,,23,,,,,,,,,,EjMaiOtAL4,Not In Loaner Pool,Mon Oct 30 2023 21:27:13 GMT+0530 (India Standard Time),,,1,Test device
3753468,Active,ABC!232123,,9429,,23,,,,,,,,,Test123,EjMaiOtAL4,Not In Loaner Pool,Mon Oct 30 2023 21:05:57 GMT+0530 (India Standard Time),,,1,HP Chromebook 11 G6 EE - Intel/4GB/16GB - Touch - Refurbished - Grade A
591951,Active,VIVATEST34Test,Sejong academy,9355,,14,,,,,,,,,,'@S(n!Y*w+-,Not In Loaner Pool,Thu Oct 26 2023 23:07:59 GMT+0530 (India Standard Time),1125,,1,Dell Chromebook 11 3100 - Intel/4GB/32GB - Non-Touch - New
591995,Active,VIVATEST76Test,Menards,9355,,44,,,,,,,,,2,New Test user,Not In Loaner Pool,Thu Oct 26 2023 23:06:46 GMT+0530 (India Standard Time),1124,,1,Dell Chromebook 11 3100 - Intel/4GB/32GB - Non-Touch - New
591967,Active,VIVATEST46Test,CCDream Test1,9355,,14,,,,,,,,,23,'@S(n!Y*w+-,Not In Loaner Pool,Thu Oct 26 2023 23:04:47 GMT+0530 (India Standard Time),1123,,1,Dell Chromebook 11 3100 - Intel/4GB/32GB - Non-Touch - New
591934,Active,VIVATEST19Test,,9355,,,,,,,,,,,1234,,In Loaner Pool,Thu Oct 26 2023 21:07:43 GMT+0530 (India Standard Time),33,,1,Dell Chromebook 11 3100 - Intel/4GB/32GB - Non-Touch - New
591975,Active,VIVATEST55Test,Test Another MD11,9355,,43,,,,,,,,,53,Md Raja,Checked Out,Thu Oct 26 2023 20:29:17 GMT+0530 (India Standard Time),43,,1,Dell Chromebook 11 3100 - Intel/4GB/32GB - Non-Touch - New
591974,Active,VIVATEST54Test,VT Test Repair,9355,,34,,,,,,,,,2,q{&&lB_>u^,Not In Loaner Pool,Thu Oct 26 2023 20:22:54 GMT+0530 (India Standard Time),43,,1,Dell Chromebook 11 3100 - Intel/4GB/32GB - Non-Touch - New
3753466,Active,121,,5,,19,,,,,,,,,test,^+h>,w}#^R,Not In Loaner Pool,Wed Oct 25 2023 16:22:50 GMT+0530 (India Standard Time),,,1,Z+!LPys!R'
3753465,Active,232323,,9420,,61,,,,,,,,,Test,SMD,In Loaner Pool,Sun Oct 22 2023 19:55:07 GMT+0530 (India Standard Time),,,1,Samsung Galaxy Chromebook 2 - Intel/4GB/64GB - Touch/2in1 - New
3753425,Active,12245689,,9094,,57,,,,,,,,,12245689,demo_adminbuildingCSMTEST,Not In Loaner Pool,Tue Oct 10 2023 23:29:31 GMT+0530 (India Standard Time),,,1,HP Chromebook 14-ca023nr - Intel/4GB/32GB - Non-Touch - New
29,Active,P206P12Test,Demo12345,9850,3,,,,Fri May 05 2023 18:30:00 GMT+0530 (India Standard Time),Wed May 17 2023 18:30:00 GMT+0530 (India Standard Time),,,Wed May 24 2023 18:30:00 GMT+0530 (India Standard Time),Tue May 30 2023 18:30:00 GMT+0530 (India Standard Time),3,,Not In Loaner Pool,Tue Oct 10 2023 11:44:59 GMT+0530 (India Standard Time),1124,1,1,Lenovo ThinkPad C14 Gen 1 Chromebook - Intel/8GB/256GB - Non-Touch - New
3716122,Active,VIVATEST204Test,EJ High School,1,,1,This is warranty description edited,aabbb,Mon Nov 28 2022 04:11:27 GMT+0530 (India Standard Time),Mon Nov 28 2022 04:11:27 GMT+0530 (India Standard Time),This is warranty description edited,aabbb,Mon Nov 28 2022 04:11:27 GMT+0530 (India Standard Time),Mon Nov 28 2022 04:11:27 GMT+0530 (India Standard Time),,Jeremiah Beareguard,Checked Out,Mon Oct 09 2023 08:00:43 GMT+0530 (India Standard Time),1137,1137,1,Lenovo Thinkpad
3716165,Active,1234AC,Proterworth,1,,1,,,,,,,,,673TY,Jeremiah Beareguard,Not In Loaner Pool,Mon Oct 09 2023 08:00:41 GMT+0530 (India Standard Time),1137,1137,1,Lenovo Thinkpad
3753312,Active,VIVATEST203Test9,Proterworth,7,7,4,This is warranty description edited,aabbb,Fri Oct 06 2023 20:44:21 GMT+0530 (India Standard Time),Fri Oct 06 2023 20:44:21 GMT+0530 (India Standard Time),This is warranty description edited,aabbb,Fri Oct 06 2023 20:44:21 GMT+0530 (India Standard Time),Fri Oct 06 2023 20:44:21 GMT+0530 (India Standard Time),,Cathlene Stormont,Not In Loaner Pool,Fri Oct 06 2023 20:44:21 GMT+0530 (India Standard Time),528,528,1,V5"8K|idS6
3753311,Active,VIVATEST203Test8,Proterworth,1,4,2,This is warranty description edited,aabbb,Fri Oct 06 2023 20:44:21 GMT+0530 (India Standard Time),Fri Oct 06 2023 20:44:21 GMT+0530 (India Standard Time),This is warranty description edited,aabbb,Fri Oct 06 2023 20:44:21 GMT+0530 (India Standard Time),Fri Oct 06 2023 20:44:21 GMT+0530 (India Standard Time),,Gregory Iverson,Checked Out,Fri Oct 06 2023 20:44:21 GMT+0530 (India Standard Time),528,528,1,Lenovo Thinkpad
3753305,Active,VIVATEST203Test2,Proterworth,7,7,6,This is warranty description edited,aabbb,Fri Oct 06 2023 20:44:21 GMT+0530 (India Standard Time),Fri Oct 06 2023 20:44:21 GMT+0530 (India Standard Time),This is warranty description edited,aabbb,Fri Oct 06 2023 20:44:21 GMT+0530 (India Standard Time),Fri Oct 06 2023 20:44:21 GMT+0530 (India Standard Time),,Cathlene Stormont,In Loaner Pool,Fri Oct 06 2023 20:44:21 GMT+0530 (India Standard Time),528,528,1,V5"8K|idS6
3753304,Active,VIVATEST203Test1,Proterworth,7,2,8,This is warranty description edited,aabbb,Fri Oct 06 2023 20:44:20 GMT+0530 (India Standard Time),Fri Oct 06 2023 20:44:20 GMT+0530 (India Standard Time),This is warranty description edited,aabbb,Fri Oct 06 2023 20:44:20 GMT+0530 (India Standard Time),Fri Oct 06 2023 20:44:20 GMT+0530 (India Standard Time),,Cathlene Stormont,In Loaner Pool,Fri Oct 06 2023 20:44:20 GMT+0530 (India Standard Time),528,528,1,V5"8K|idS6
3753301,Active,VIVATEST202Test8,Proterworth,9,7,,This is warranty description edited,aabbb,Fri Oct 06 2023 20:44:20 GMT+0530 (India Standard Time),Fri Oct 06 2023 20:44:20 GMT+0530 (India Standard Time),This is warranty description edited,aabbb,Fri Oct 06 2023 20:44:20 GMT+0530 (India Standard Time),Fri Oct 06 2023 20:44:20 GMT+0530 (India Standard Time),,,In Loaner Pool,Fri Oct 06 2023 20:44:20 GMT+0530 (India Standard Time),528,528,1,[>n/tx-$e:
3753300,Active,VIVATEST202Test7,Proterworth,1,7,6,This is warranty description edited,aabbb,Fri Oct 06 2023 20:44:20 GMT+0530 (India Standard Time),Fri Oct 06 2023 20:44:20 GMT+0530 (India Standard Time),This is warranty description edited,aabbb,Fri Oct 06 2023 20:44:20 GMT+0530 (India Standard Time),Fri Oct 06 2023 20:44:20 GMT+0530 (India Standard Time),,Cathlene Stormont,In Loaner Pool,Fri Oct 06 2023 20:44:20 GMT+0530 (India Standard Time),528,528,1,Lenovo Thinkpad
3753298,Active,VIVATEST202Test5,Proterworth,4,8,5,This is warranty description edited,aabbb,Fri Oct 06 2023 20:44:20 GMT+0530 (India Standard Time),Fri Oct 06 2023 20:44:20 GMT+0530 (India Standard Time),This is warranty description edited,aabbb,Fri Oct 06 2023 20:44:20 GMT+0530 (India Standard Time),Fri Oct 06 2023 20:44:20 GMT+0530 (India Standard Time),,Cathlene Stormont,Checked Out,Fri Oct 06 2023 20:44:20 GMT+0530 (India Standard Time),528,528,1,#VY*<HH#_j
3753296,Active,VIVATEST202Test3,Proterworth,5,6,41,This is warranty description edited,aabbb,Fri Oct 06 2023 20:44:20 GMT+0530 (India Standard Time),Fri Oct 06 2023 20:44:20 GMT+0530 (India Standard Time),This is warranty description edited,aabbb,Fri Oct 06 2023 20:44:20 GMT+0530 (India Standard Time),Fri Oct 06 2023 20:44:20 GMT+0530 (India Standard Time),,test student,Checked Out,Fri Oct 06 2023 20:44:20 GMT+0530 (India Standard Time),528,528,1,Z+!LPys!R'
3753295,Active,VIVATEST202Test2,Proterworth,4,2,8,This is warranty description edited,aabbb,Fri Oct 06 2023 20:44:20 GMT+0530 (India Standard Time),Fri Oct 06 2023 20:44:20 GMT+0530 (India Standard Time),This is warranty description edited,aabbb,Fri Oct 06 2023 20:44:20 GMT+0530 (India Standard Time),Fri Oct 06 2023 20:44:20 GMT+0530 (India Standard Time),,Cathlene Stormont,Not In Loaner Pool,Fri Oct 06 2023 20:44:20 GMT+0530 (India Standard Time),528,528,1,#VY*<HH#_j
3753291,Active,VIVATEST200Test,Proterworth,8,6,3,This is warranty description edited,aabbb,Fri Oct 06 2023 20:44:20 GMT+0530 (India Standard Time),Fri Oct 06 2023 20:44:20 GMT+0530 (India Standard Time),This is warranty description edited,aabbb,Fri Oct 06 2023 20:44:20 GMT+0530 (India Standard Time),Fri Oct 06 2023 20:44:20 GMT+0530 (India Standard Time),,Cathlene Stormont,Not In Loaner Pool,Fri Oct 06 2023 20:44:20 GMT+0530 (India Standard Time),528,528,1,MauE'x*.LK
3753290,Active,VIVATEST199Test,Proterworth,7,1,41,This is warranty description edited,aabbb,Fri Oct 06 2023 20:44:20 GMT+0530 (India Standard Time),Fri Oct 06 2023 20:44:20 GMT+0530 (India Standard Time),This is warranty description edited,aabbb,Fri Oct 06 2023 20:44:20 GMT+0530 (India Standard Time),Fri Oct 06 2023 20:44:20 GMT+0530 (India Standard Time),,test student,Checked Out,Fri Oct 06 2023 20:44:20 GMT+0530 (India Standard Time),528,528,1,V5"8K|idS6
3753284,Active,VIVATEST204Test2,Proterworth,9,5,1,This is warranty description edited,aabbb,Fri Oct 06 2023 20:44:20 GMT+0530 (India Standard Time),Fri Oct 06 2023 20:44:20 GMT+0530 (India Standard Time),This is warranty description edited,aabbb,Fri Oct 06 2023 20:44:20 GMT+0530 (India Standard Time),Fri Oct 06 2023 20:44:20 GMT+0530 (India Standard Time),,Jeremiah Beareguard,Checked Out,Fri Oct 06 2023 20:44:20 GMT+0530 (India Standard Time),528,528,1,[>n/tx-$e:
3753282,Active,VIVATEST192Test,Proterworth,9,8,7,This is warranty description edited,aabbb,Fri Oct 06 2023 20:44:19 GMT+0530 (India Standard Time),Fri Oct 06 2023 20:44:19 GMT+0530 (India Standard Time),This is warranty description edited,aabbb,Fri Oct 06 2023 20:44:19 GMT+0530 (India Standard Time),Fri Oct 06 2023 20:44:19 GMT+0530 (India Standard Time),,Cathlene Stormont,Not In Loaner Pool,Fri Oct 06 2023 20:44:19 GMT+0530 (India Standard Time),528,528,1,[>n/tx-$e:
3753281,Active,VIVATEST191Test,Proterworth,1,3,9,This is warranty description edited,aabbb,Fri Oct 06 2023 20:44:19 GMT+0530 (India Standard Time),Fri Oct 06 2023 20:44:19 GMT+0530 (India Standard Time),This is warranty description edited,aabbb,Fri Oct 06 2023 20:44:19 GMT+0530 (India Standard Time),Fri Oct 06 2023 20:44:19 GMT+0530 (India Standard Time),,Cathlene Stormont,In Loaner Pool,Fri Oct 06 2023 20:44:19 GMT+0530 (India Standard Time),528,528,1,Lenovo Thinkpad
3753280,Active,VIVATEST190Test,Proterworth,3,4,6,This is warranty description edited,aabbb,Fri Oct 06 2023 20:44:19 GMT+0530 (India Standard Time),Fri Oct 06 2023 20:44:19 GMT+0530 (India Standard Time),This is warranty description edited,aabbb,Fri Oct 06 2023 20:44:19 GMT+0530 (India Standard Time),Fri Oct 06 2023 20:44:19 GMT+0530 (India Standard Time),,Cathlene Stormont,Not In Loaner Pool,Fri Oct 06 2023 20:44:19 GMT+0530 (India Standard Time),528,528,1,2uj+Z2J9&N
3753277,Active,VIVATEST204Test3,Apartment,7,5,,This is warranty description edited,aabbb,Fri Oct 06 2023 20:43:59 GMT+0530 (India Standard Time),Fri Oct 06 2023 20:43:59 GMT+0530 (India Standard Time),This is warranty description edited,aabbb,Fri Oct 06 2023 20:43:59 GMT+0530 (India Standard Time),Fri Oct 06 2023 20:43:59 GMT+0530 (India Standard Time),,,In Loaner Pool,Fri Oct 06 2023 20:43:59 GMT+0530 (India Standard Time),528,528,1,V5"8K|idS6
591988,Active,VIVATEST68Test,Demo12345,9355,,43,,,,,,,,,21,Md Raja,Checked Out,Fri Oct 06 2023 13:48:50 GMT+0530 (India Standard Time),1109,,1,Dell Chromebook 11 3100 - Intel/4GB/32GB - Non-Touch - New
591986,Active,VIVATEST64Test,Demo12345,9355,,,,,,,,,,,24,,Not In Loaner Pool,Fri Oct 06 2023 13:45:24 GMT+0530 (India Standard Time),1109,,1,Dell Chromebook 11 3100 - Intel/4GB/32GB - Non-Touch - New
591912,Active,213213124Test,,,,43,,,,,,,,,26,Md Raja,Checked Out,Fri Oct 06 2023 13:44:16 GMT+0530 (India Standard Time),1109,,1,
591860,Active,98765Test,Shelter,1,1,,,,,,,,,,673TY,,In Loaner Pool,Fri Oct 06 2023 13:43:04 GMT+0530 (India Standard Time),1109,1,1,Lenovo Thinkpad
3753267,Active,1234,,5,,20,,,,,,,,,,JP"{LE(F[@,Not In Loaner Pool,Fri Oct 06 2023 06:11:09 GMT+0530 (India Standard Time),,,1,Z+!LPys!R'
3753265,Active,123,,5,,21,,,,,,,,,1,V+atrT>!S-,Not In Loaner Pool,Fri Oct 06 2023 06:09:40 GMT+0530 (India Standard Time),,,1,Z+!LPys!R'
3718280,Active,test,,6,,45,,,,,,,,,test,KRISHANA,Not In Loaner Pool,Tue Oct 03 2023 23:17:08 GMT+0530 (India Standard Time),,,1,xcN|y;JO@`
3718174,Active,867530910223,,9495,,,,,,,,,,,867530910223,,Not In Loaner Pool,Mon Oct 02 2023 23:53:11 GMT+0530 (India Standard Time),,,1,Acer Chromebook 11 N7 C731T-C42N - Intel/4GB/16GB - Touch - New
3718173,Active,86235,,9095,,,,,,,,,,,86235,,Not In Loaner Pool,Sat Sep 30 2023 03:05:01 GMT+0530 (India Standard Time),,,1,HP Chromebook 14 ca070nr - Intel/4GB/32GB - Touch - New
3716163,Active,12345629,,9094,,48,,,,,,,,,12345629,Maleja,Not In Loaner Pool,Thu Sep 28 2023 19:55:16 GMT+0530 (India Standard Time),,,1,HP Chromebook 14-ca023nr - Intel/4GB/32GB - Non-Touch - New
3716162,Active,12345689,,9094,,2,,,,,,,,,12345689,Gregory Iverson,Not In Loaner Pool,Thu Sep 28 2023 02:04:08 GMT+0530 (India Standard Time),,,1,HP Chromebook 14-ca023nr - Intel/4GB/32GB - Non-Touch - New
3716080,Active,768686,,9,,55,,,,,,,,,88,Sample B,Checked Out,Mon Sep 25 2023 16:24:15 GMT+0530 (India Standard Time),,,1,[>n/tx-$e:
3170926,Active,11879,Test Sub Account,9104,,,One-Year Manufacturer Limited Warranty,1YRLTDWAR,Mon Jun 01 2020 05:30:00 GMT+0530 (India Standard Time),Tue Jun 01 2021 05:30:00 GMT+0530 (India Standard Time),,VT2YR-EMP-TS,Mon Jun 01 2020 05:30:00 GMT+0530 (India Standard Time),Wed Jun 01 2022 05:30:00 GMT+0530 (India Standard Time),79,,Not In Loaner Pool,Sun Sep 10 2023 05:30:00 GMT+0530 (India Standard Time),528,528,1,Vivacity Tech Test Chromebook - Intel/4GB/16GB - Non-Touch/2in1/WFC/LTE - New
591872,Active,1100902Test,Vivacity Middle School,9340,,,,,Wed Jan 15 2020 00:00:00 GMT+0530 (India Standard Time),Fri Jan 15 2021 00:00:00 GMT+0530 (India Standard Time),,,,,12654,,,Wed Sep 06 2023 15:32:51 GMT+0530 (India Standard Time),1109,,1,Vivacity Tech Demo Chromebook - Intel/4GB/16GB - Non-Touch - New
30,Active,P206P20Test,Warehouse,9850,,,,,,,,,,,673TZ,,Not In Loaner Pool,Wed Sep 06 2023 14:00:27 GMT+0530 (India Standard Time),,,1,Lenovo ThinkPad C14 Gen 1 Chromebook - Intel/8GB/256GB - Non-Touch - New
9,Active,P206P19Test,Proterworth,9850,1,,This is warranty description edited,aabbb,Fri May 05 2023 12:51:35 GMT+0530 (India Standard Time),Fri May 05 2023 13:48:11 GMT+0530 (India Standard Time),This is warranty description edited,aabbb,Fri May 05 2023 07:59:15 GMT+0530 (India Standard Time),Thu May 04 2023 19:09:58 GMT+0530 (India Standard Time),1h7A[Wp<KE,,In Loaner Pool,Fri May 05 2023 14:22:07 GMT+0530 (India Standard Time),1,1,1,Lenovo ThinkPad C14 Gen 1 Chromebook - Intel/8GB/256GB - Non-Touch - New
5,Active,P206P16Test,Proterworth,9850,1,1,This is warranty description edited,aabbb,Thu May 04 2023 19:50:51 GMT+0530 (India Standard Time),Fri May 05 2023 15:30:29 GMT+0530 (India Standard Time),This is warranty description edited,aabbb,Thu May 04 2023 22:20:42 GMT+0530 (India Standard Time),Fri May 05 2023 12:24:36 GMT+0530 (India Standard Time),'@zc`T'gBp@,Jeremiah Beareguard,In Loaner Pool,Fri May 05 2023 11:30:29 GMT+0530 (India Standard Time),1,1,1,Lenovo ThinkPad C14 Gen 1 Chromebook - Intel/8GB/256GB - Non-Touch - New
8,Active,P206XP56Test,Proterworth,9340,1,1,This is warranty description edited,aabbb,Thu May 04 2023 18:36:17 GMT+0530 (India Standard Time),Fri May 05 2023 16:33:05 GMT+0530 (India Standard Time),This is warranty description edited,aabbb,Thu May 04 2023 23:13:47 GMT+0530 (India Standard Time),Fri May 05 2023 08:34:20 GMT+0530 (India Standard Time),;CMtHWVBC),Jeremiah Beareguard,Not In Loaner Pool,Fri May 05 2023 10:30:15 GMT+0530 (India Standard Time),1,1,1,Vivacity Tech Demo Chromebook - Intel/4GB/16GB - Non-Touch - New
4,Active,P206XP42Test,Proterworth,9340,1,1,This is warranty description edited,aabbb,Fri May 05 2023 04:21:27 GMT+0530 (India Standard Time),Fri May 05 2023 16:14:05 GMT+0530 (India Standard Time),This is warranty description edited,aabbb,Fri May 05 2023 10:12:38 GMT+0530 (India Standard Time),Fri May 05 2023 16:02:48 GMT+0530 (India Standard Time),KFr:C@N+l*,Jeremiah Beareguard,Checked Out,Fri May 05 2023 09:44:29 GMT+0530 (India Standard Time),1,1,1,Vivacity Tech Demo Chromebook - Intel/4GB/16GB - Non-Touch - New
3,Active,P206XP44Test,Proterworth,9340,1,1,This is warranty description edited,aabbb,Thu May 04 2023 23:40:31 GMT+0530 (India Standard Time),Fri May 05 2023 11:32:03 GMT+0530 (India Standard Time),This is warranty description edited,aabbb,Fri May 05 2023 05:41:40 GMT+0530 (India Standard Time),Fri May 05 2023 03:01:38 GMT+0530 (India Standard Time),)"9!Ojnq:t,Jeremiah Beareguard,Checked Out,Fri May 05 2023 09:22:29 GMT+0530 (India Standard Time),1,1,1,Vivacity Tech Demo Chromebook - Intel/4GB/16GB - Non-Touch - New
1,Active,P206P18Test,Proterworth,9850,1,1,This is warranty description edited,aabbb,Thu May 04 2023 20:01:41 GMT+0530 (India Standard Time),Fri May 05 2023 09:42:23 GMT+0530 (India Standard Time),This is warranty description edited,aabbb,Fri May 05 2023 14:27:53 GMT+0530 (India Standard Time),Thu May 04 2023 20:13:55 GMT+0530 (India Standard Time),xb*wLw2"Cp,Jeremiah Beareguard,In Loaner Pool,Fri May 05 2023 08:54:44 GMT+0530 (India Standard Time),1,1,1,Lenovo ThinkPad C14 Gen 1 Chromebook - Intel/8GB/256GB - Non-Touch - New
12,Active,P206XP1336Test,Proterworth,9340,1,1,This is warranty description edited,aabbb,Thu May 04 2023 19:29:51 GMT+0530 (India Standard Time),Fri May 05 2023 13:14:13 GMT+0530 (India Standard Time),This is warranty description edited,aabbb,Fri May 05 2023 03:42:32 GMT+0530 (India Standard Time),Fri May 05 2023 05:41:01 GMT+0530 (India Standard Time),mXdwJ\^_Pp,Jeremiah Beareguard,Checked Out,Fri May 05 2023 08:52:44 GMT+0530 (India Standard Time),1,1,1,Vivacity Tech Demo Chromebook - Intel/4GB/16GB - Non-Touch - New
11,Active,P20XP102Test,Proterworth,9340,1,1,This is warranty description edited,aabbb,Fri May 05 2023 00:25:04 GMT+0530 (India Standard Time),Fri May 05 2023 12:46:54 GMT+0530 (India Standard Time),This is warranty description edited,aabbb,Fri May 05 2023 16:28:52 GMT+0530 (India Standard Time),Fri May 05 2023 10:21:29 GMT+0530 (India Standard Time),Lg.2ZOl$/y,Jeremiah Beareguard,Checked Out,Fri May 05 2023 08:51:38 GMT+0530 (India Standard Time),1,1,1,Vivacity Tech Demo Chromebook - Intel/4GB/16GB - Non-Touch - New
6,Active,P206XP40Test,Proterworth,9340,1,1,This is warranty description edited,aabbb,Thu May 04 2023 20:58:51 GMT+0530 (India Standard Time),Fri May 05 2023 00:00:24 GMT+0530 (India Standard Time),This is warranty description edited,aabbb,Fri May 05 2023 02:20:21 GMT+0530 (India Standard Time),Fri May 05 2023 15:00:30 GMT+0530 (India Standard Time),ClWL!F""Zo,Jeremiah Beareguard,Not In Loaner Pool,Fri May 05 2023 06:16:54 GMT+0530 (India Standard Time),1,1,1,Vivacity Tech Demo Chromebook - Intel/4GB/16GB - Non-Touch - New
7,Active,P206P15Test,Proterworth,9850,1,1,This is warranty description edited,aabbb,Thu May 04 2023 17:06:54 GMT+0530 (India Standard Time),Thu May 04 2023 21:49:46 GMT+0530 (India Standard Time),This is warranty description edited,aabbb,Thu May 04 2023 17:08:32 GMT+0530 (India Standard Time),Fri May 05 2023 05:06:18 GMT+0530 (India Standard Time),B`*q!LT3{),Jeremiah Beareguard,In Loaner Pool,Fri May 05 2023 03:09:06 GMT+0530 (India Standard Time),1,1,1,Lenovo ThinkPad C14 Gen 1 Chromebook - Intel/8GB/256GB - Non-Touch - New
10,Active,P206P101Test,Proterworth,9340,1,1,This is warranty description edited,aabbb,Fri May 05 2023 00:01:18 GMT+0530 (India Standard Time),Fri May 05 2023 07:00:17 GMT+0530 (India Standard Time),This is warranty description edited,aabbb,Fri May 05 2023 02:44:43 GMT+0530 (India Standard Time),Fri May 05 2023 11:44:03 GMT+0530 (India Standard Time),DP8j_mY\o",Jeremiah Beareguard,Not In Loaner Pool,Fri May 05 2023 02:10:48 GMT+0530 (India Standard Time),1,1,1,Vivacity Tech Demo Chromebook - Intel/4GB/16GB - Non-Touch - New
2,Active,P206P17Test,Proterworth,9850,1,1,This is warranty description edited,aabbb,Fri May 05 2023 06:03:36 GMT+0530 (India Standard Time),Fri May 05 2023 15:27:17 GMT+0530 (India Standard Time),This is warranty description edited,aabbb,Thu May 04 2023 23:07:24 GMT+0530 (India Standard Time),Fri May 05 2023 03:29:34 GMT+0530 (India Standard Time),v"@=?E9q1#,Jeremiah Beareguard,Not In Loaner Pool,Fri May 05 2023 00:33:51 GMT+0530 (India Standard Time),1,1,1,Lenovo ThinkPad C14 Gen 1 Chromebook - Intel/8GB/256GB - Non-Touch - New
3716161,Active,1234651AC,Shawnee High School,9115,,1,This is warranty description edited,aabbb,Mon Nov 28 2022 04:11:27 GMT+0530 (India Standard Time),Mon Nov 28 2022 04:11:27 GMT+0530 (India Standard Time),This is warranty description edited,aabbb,Mon Nov 28 2022 04:11:27 GMT+0530 (India Standard Time),Mon Nov 28 2022 04:11:27 GMT+0530 (India Standard Time),673TtY,Jeremiah Beareguard,Not In Loaner Pool,Mon Nov 28 2022 04:11:27 GMT+0530 (India Standard Time),515,515,1,Lenovo Chromebook 500e G1 - Intel/4GB/32GB - Touch/2in1 - New
3716160,Active,123461AC,Shawnee High School,9583,,1,This is warranty description edited,aabbb,Mon Nov 28 2022 04:11:27 GMT+0530 (India Standard Time),Mon Nov 28 2022 04:11:27 GMT+0530 (India Standard Time),This is warranty description edited,aabbb,Mon Nov 28 2022 04:11:27 GMT+0530 (India Standard Time),Mon Nov 28 2022 04:11:27 GMT+0530 (India Standard Time),673TtY,Jeremiah Beareguard,Not In Loaner Pool,Mon Nov 28 2022 04:11:27 GMT+0530 (India Standard Time),515,515,1,HP Chromebook 11MK G9 EE - MediaTek/4GB/32GB - Non-Touch - New
3716159,Active,123441AC,Shawnee High School,9113,,1,This is warranty description edited,aabbb,Mon Nov 28 2022 04:11:27 GMT+0530 (India Standard Time),Mon Nov 28 2022 04:11:27 GMT+0530 (India Standard Time),This is warranty description edited,aabbb,Mon Nov 28 2022 04:11:27 GMT+0530 (India Standard Time),Mon Nov 28 2022 04:11:27 GMT+0530 (India Standard Time),673TY1,Jeremiah Beareguard,Not In Loaner Pool,Mon Nov 28 2022 04:11:27 GMT+0530 (India Standard Time),515,515,1,HP Chromebook 14-ca061dx - Intel/4GB/32GB - Touch - New
591881,Active,DEMOTest,Vivacity Middle School,9340,,,One-Year Manufacturer Limited Warranty,1YRLTDWAR,Sat Jan 01 2022 05:30:00 GMT+0530 (India Standard Time),Sat Dec 31 2022 05:30:00 GMT+0530 (India Standard Time),<p><span style="font-family: Roboto, RobotoDraft, Helvetica, Arial, sans-serif; font-size: 13px; white-space: pre-wrap;">Two year extended warranty covers hardware failures</span></p>
<p><span style="font-family: Roboto, RobotoDraft, Helvetica, Arial, sans-serif; font-size: 13px; white-space: pre-wrap;">Battery covered for one year only</span></p>
<p><span style="font-family: Roboto, RobotoDraft, Helvetica, Arial, sans-serif; font-size: 13px; white-space: pre-wrap;">Individual user accidental damage to the device will be covered</span></p>
<p><span style="font-family: Roboto, RobotoDraft, Helvetica, Arial, sans-serif; font-size: 13px; white-space: pre-wrap;">Intentional damage, theft and mass-failure related to AoG events/disasters are not covered</span></p>
<p><span style="font-family: Roboto, RobotoDraft, Helvetica, Arial, sans-serif; font-size: 13px; white-space: pre-wrap;">Free shipping will be provided both to and from the repair depot</span></p>
<p><span style="font-family: Roboto, RobotoDraft, Helvetica, Arial, sans-serif; font-size: 13px; white-space: pre-wrap;">Limitation of coverage per device is up to device resale value</span></p>
<p><span style="font-family: Roboto, RobotoDraft, Helvetica, Arial, sans-serif; font-size: 13px; white-space: pre-wrap;">Dedicated Account Manager to ensure your repair needs are fully covered</span></p>
<p><span style="font-family: Roboto, RobotoDraft, Helvetica, Arial, sans-serif; font-size: 13px; white-space: pre-wrap;">Customer Central Repair Portal included to seamlessly track and request repairs</span></p>
<p><span style="font-family: Roboto, RobotoDraft, Helvetica, Arial, sans-serif; font-size: 13px; white-space: pre-wrap;">Device must either have a protective shell installed, or kept in a locking cart on the school district premises</span></p>
<p><span style="font-family: Roboto, RobotoDraft, Helvetica, Arial, sans-serif; font-size: 13px; white-space: pre-wrap;">Self-Maintainer Option - Warranty allows for the ability for the district to be a self-maintainer; </span><span style="font-family: Roboto, RobotoDraft, Helvetica, Arial, sans-serif; font-size: 13px; white-space: pre-wrap;">i.e., repair devices themselves, or have the warranty provider service the device. In the event the </span><span style="font-family: Roboto, RobotoDraft, Helvetica, Arial, sans-serif; font-size: 13px; white-space: pre-wrap;">district chooses to service the device, vendor will provide parts as-needed to the district at no additional </span><span style="font-family: Roboto, RobotoDraft, Helvetica, Arial, sans-serif; font-size: 13px; white-space: pre-wrap;">cost. </span></p>
<p><span style="font-family: Roboto, RobotoDraft, Helvetica, Arial, sans-serif; font-size: 13px; white-space: pre-wrap;">Shipping of the replacement part and return shipping of the defective part will be paid for by the </span><span style="font-family: Roboto, RobotoDraft, Helvetica, Arial, sans-serif; font-size: 13px; white-space: pre-wrap;">vendor. In the event the district opts to service the device, the vendor will provide servicing-time </span><span style="font-family: Roboto, RobotoDraft, Helvetica, Arial, sans-serif; font-size: 13px; white-space: pre-wrap;">reimbursement in the form of either; A) in-house credit with the vendor or B) payment to the school </span><span style="font-family: Roboto, RobotoDraft, Helvetica, Arial, sans-serif; font-size: 13px; white-space: pre-wrap;">district; district's choice. Reimbursement or credit is in the amount of $15 per repair. </span></p>
<p><span style="font-family: Roboto, RobotoDraft, Helvetica, Arial, sans-serif; font-size: 13px; white-space: pre-wrap;">Mechanical failures in the first year of the warranty do not qualify for the self-maintainer reimbursement, however all other terms apply.</span></p>,VT2YRADP,Sat Jan 01 2022 05:30:00 GMT+0530 (India Standard Time),Wed Jan 01 2025 05:30:00 GMT+0530 (India Standard Time),12357,,,Tue Apr 12 2022 17:46:00 GMT+0530 (India Standard Time),,,1,Vivacity Tech Demo Chromebook - Intel/4GB/16GB - Non-Touch - New
591907,Active,11879Test,,1,,,This is warranty description edited,aabbb,Sat Dec 31 2022 05:30:00 GMT+0530 (India Standard Time),Sun Jan 15 2023 05:30:00 GMT+0530 (India Standard Time),This is warranty description edited,aabbb,Sat Dec 31 2022 05:30:00 GMT+0530 (India Standard Time),Sun Jan 15 2023 05:30:00 GMT+0530 (India Standard Time),12345ABC,,Not In Loaner Pool,Thu Feb 17 2022 22:58:00 GMT+0530 (India Standard Time),,,1,Lenovo Thinkpad
591880,Active,5CD1168KTHTest,Vivacity Middle School,9340,,,One-Year Manufacturer Limited Warranty,1YRLTDWAR,Fri Jan 15 2021 05:30:00 GMT+0530 (India Standard Time),Sat Jan 15 2022 05:30:00 GMT+0530 (India Standard Time),<p><span style="font-family: Roboto, RobotoDraft, Helvetica, Arial, sans-serif; font-size: 13px; white-space: pre-wrap;">Two year extended warranty covers hardware failures</span></p>
<p><span style="font-family: Roboto, RobotoDraft, Helvetica, Arial, sans-serif; font-size: 13px; white-space: pre-wrap;">Battery covered for one year only</span></p>
<p><span style="font-family: Roboto, RobotoDraft, Helvetica, Arial, sans-serif; font-size: 13px; white-space: pre-wrap;">Individual user accidental damage to the device will be covered</span></p>
<p><span style="font-family: Roboto, RobotoDraft, Helvetica, Arial, sans-serif; font-size: 13px; white-space: pre-wrap;">Intentional damage, theft and mass-failure related to AoG events/disasters are not covered</span></p>
<p><span style="font-family: Roboto, RobotoDraft, Helvetica, Arial, sans-serif; font-size: 13px; white-space: pre-wrap;">Free shipping will be provided both to and from the repair depot</span></p>
<p><span style="font-family: Roboto, RobotoDraft, Helvetica, Arial, sans-serif; font-size: 13px; white-space: pre-wrap;">Limitation of coverage per device is up to device resale value</span></p>
<p><span style="font-family: Roboto, RobotoDraft, Helvetica, Arial, sans-serif; font-size: 13px; white-space: pre-wrap;">Dedicated Account Manager to ensure your repair needs are fully covered</span></p>
<p><span style="font-family: Roboto, RobotoDraft, Helvetica, Arial, sans-serif; font-size: 13px; white-space: pre-wrap;">Customer Central Repair Portal included to seamlessly track and request repairs</span></p>
<p><span style="font-family: Roboto, RobotoDraft, Helvetica, Arial, sans-serif; font-size: 13px; white-space: pre-wrap;">Device must either have a protective shell installed, or kept in a locking cart on the school district premises</span></p>
<p><span style="font-family: Roboto, RobotoDraft, Helvetica, Arial, sans-serif; font-size: 13px; white-space: pre-wrap;">Self-Maintainer Option - Warranty allows for the ability for the district to be a self-maintainer; </span><span style="font-family: Roboto, RobotoDraft, Helvetica, Arial, sans-serif; font-size: 13px; white-space: pre-wrap;">i.e., repair devices themselves, or have the warranty provider service the device. In the event the </span><span style="font-family: Roboto, RobotoDraft, Helvetica, Arial, sans-serif; font-size: 13px; white-space: pre-wrap;">district chooses to service the device, vendor will provide parts as-needed to the district at no additional </span><span style="font-family: Roboto, RobotoDraft, Helvetica, Arial, sans-serif; font-size: 13px; white-space: pre-wrap;">cost. </span></p>
<p><span style="font-family: Roboto, RobotoDraft, Helvetica, Arial, sans-serif; font-size: 13px; white-space: pre-wrap;">Shipping of the replacement part and return shipping of the defective part will be paid for by the </span><span style="font-family: Roboto, RobotoDraft, Helvetica, Arial, sans-serif; font-size: 13px; white-space: pre-wrap;">vendor. In the event the district opts to service the device, the vendor will provide servicing-time </span><span style="font-family: Roboto, RobotoDraft, Helvetica, Arial, sans-serif; font-size: 13px; white-space: pre-wrap;">reimbursement in the form of either; A) in-house credit with the vendor or B) payment to the school </span><span style="font-family: Roboto, RobotoDraft, Helvetica, Arial, sans-serif; font-size: 13px; white-space: pre-wrap;">district; district's choice. Reimbursement or credit is in the amount of $15 per repair. </span></p>
<p><span style="font-family: Roboto, RobotoDraft, Helvetica, Arial, sans-serif; font-size: 13px; white-space: pre-wrap;">Mechanical failures in the first year of the warranty do not qualify for the self-maintainer reimbursement, however all other terms apply.</span></p>,VT2YRADP,Fri Jan 15 2021 05:30:00 GMT+0530 (India Standard Time),Mon Jan 15 2024 05:30:00 GMT+0530 (India Standard Time),12345,,,Mon Nov 29 2021 12:49:00 GMT+0530 (India Standard Time),,,1,Vivacity Tech Demo Chromebook - Intel/4GB/16GB - Non-Touch - New
591958,Active,VIVATEST42Test,,9355,,,One-Year Manufacturer Limited Warranty,1YRLTDWAR,,,,,,,,,Not In Loaner Pool,Mon Aug 31 2020 05:30:00 GMT+0530 (India Standard Time),,,1,Dell Chromebook 11 3100 - Intel/4GB/32GB - Non-Touch - New